dataset,column,source_dtype
olist_order_items_dataset,shipping_limit_date,str
olist_order_reviews_dataset,review_creation_date,str
olist_order_reviews_dataset,review_answer_timestamp,str
olist_orders_dataset,order_purchase_timestamp,str
olist_orders_dataset,order_delivered_carrier_date,str
olist_orders_dataset,order_delivered_customer_date,str
olist_orders_dataset,order_estimated_delivery_date,str
olist_closed_deals_dataset,won_date,str
olist_marketing_qualified_leads_dataset,first_contact_date,str
