dataset,column,rows,unique_values,null_count
olist_customers_dataset,customer_id,99441,99441,0
olist_customers_dataset,customer_unique_id,99441,96096,0
olist_order_items_dataset,order_id,112650,98666,0
olist_order_items_dataset,order_item_id,112650,21,0
olist_order_items_dataset,product_id,112650,32951,0
olist_order_items_dataset,seller_id,112650,3095,0
olist_order_payments_dataset,order_id,103886,99440,0
olist_order_reviews_dataset,review_id,99224,98410,0
olist_order_reviews_dataset,order_id,99224,98673,0
olist_orders_dataset,order_id,99441,99441,0
olist_orders_dataset,customer_id,99441,99441,0
olist_products_dataset,product_id,32951,32951,0
olist_sellers_dataset,seller_id,3095,3095,0
olist_closed_deals_dataset,mql_id,842,842,0
olist_closed_deals_dataset,seller_id,842,842,0
olist_closed_deals_dataset,sdr_id,842,32,0
olist_closed_deals_dataset,sr_id,842,22,0
olist_marketing_qualified_leads_dataset,mql_id,8000,8000,0
olist_marketing_qualified_leads_dataset,landing_page_id,8000,495,0
