dataset,column,dtype,non_null_count,null_count,null_pct,unique_count,unique_pct
olist_closed_deals_dataset,has_company,object,63,779,92.52,2,0.24
olist_closed_deals_dataset,has_gtin,object,64,778,92.4,2,0.24
olist_closed_deals_dataset,average_stock,str,66,776,92.16,6,0.71
olist_closed_deals_dataset,declared_product_catalog_size,float64,69,773,91.81,33,3.92
olist_order_reviews_dataset,review_comment_title,str,11568,87656,88.34,4527,4.56
olist_order_reviews_dataset,review_comment_message,str,40977,58247,58.7,36159,36.44
olist_closed_deals_dataset,lead_behaviour_profile,str,665,177,21.02,9,1.07
olist_orders_dataset,order_delivered_customer_date,str,96476,2965,2.98,95664,96.2
olist_products_dataset,product_category_name,str,32341,610,1.85,73,0.22
olist_products_dataset,product_name_lenght,float64,32341,610,1.85,66,0.2
olist_products_dataset,product_description_lenght,float64,32341,610,1.85,2960,8.98
olist_products_dataset,product_photos_qty,float64,32341,610,1.85,19,0.06
olist_orders_dataset,order_delivered_carrier_date,str,97658,1783,1.79,81018,81.47
olist_closed_deals_dataset,business_type,str,832,10,1.19,3,0.36
olist_marketing_qualified_leads_dataset,origin,str,7940,60,0.75,10,0.12
olist_closed_deals_dataset,lead_type,str,836,6,0.71,8,0.95
olist_orders_dataset,order_approved_at,str,99281,160,0.16,90733,91.24
olist_closed_deals_dataset,business_segment,str,841,1,0.12,33,3.92
olist_products_dataset,product_weight_g,float64,32949,2,0.01,2204,6.69
olist_products_dataset,product_length_cm,float64,32949,2,0.01,99,0.3
olist_products_dataset,product_height_cm,float64,32949,2,0.01,102,0.31
olist_products_dataset,product_width_cm,float64,32949,2,0.01,95,0.29
