dataset,column,count,min,max,mean,median,std,zero_count,negative_count
olist_customers_dataset,customer_zip_code_prefix,99441,1003.0,99990.0,35137.47458291851,24416.0,29797.938996206114,0,0
olist_geolocation_dataset,geolocation_zip_code_prefix,1000163,1001.0,99990.0,36574.16646586607,26530.0,30549.335710319858,0,0
olist_geolocation_dataset,geolocation_lat,1000163,-36.6053744107061,45.06593318269697,-21.176152910383962,-22.91937749486411,5.715866308822852,0,998827
olist_geolocation_dataset,geolocation_lng,1000163,-101.46676644931476,121.10539381057764,-46.390541320935775,-46.63787866960149,4.269748306619603,0,1000160
olist_order_items_dataset,order_item_id,112650,1.0,21.0,1.1978339991122948,1.0,0.7051240313951733,0,0
olist_order_items_dataset,price,112650,0.85,6735.0,120.65373901464713,74.99,183.6339280502594,0,0
olist_order_items_dataset,freight_value,112650,0.0,409.68,19.990319928983578,16.26,15.806405412297082,383,0
olist_order_payments_dataset,payment_sequential,103886,1.0,29.0,1.0926785129853878,1.0,0.7065837791949955,0,0
olist_order_payments_dataset,payment_installments,103886,0.0,24.0,2.853348863176944,1.0,2.687050673856479,2,0
olist_order_payments_dataset,payment_value,103886,0.0,13664.08,154.10038041699556,100.0,217.49406386472435,9,0
olist_order_reviews_dataset,review_score,99224,1.0,5.0,4.08642062404257,5.0,1.3475791311150982,0,0
olist_products_dataset,product_name_lenght,32341,5.0,76.0,48.47694876472589,51.0,10.245740725237239,0,0
olist_products_dataset,product_description_lenght,32341,4.0,3992.0,771.4952846232337,595.0,635.1152246349538,0,0
olist_products_dataset,product_photos_qty,32341,1.0,20.0,2.1889861166939797,1.0,1.7367656379315444,0,0
olist_products_dataset,product_weight_g,32949,0.0,40425.0,2276.4724877841513,700.0,4282.038730977007,4,0
olist_products_dataset,product_length_cm,32949,7.0,105.0,30.81507784758263,25.0,16.914458054065967,0,0
olist_products_dataset,product_height_cm,32949,2.0,105.0,16.937661234028347,13.0,13.637554061749494,0,0
olist_products_dataset,product_width_cm,32949,6.0,118.0,23.196728277034204,20.0,12.079047453227835,0,0
olist_sellers_dataset,seller_zip_code_prefix,3095,1001.0,99730.0,32291.059450726978,14940.0,32713.453829509002,0,0
olist_closed_deals_dataset,declared_product_catalog_size,69,1.0,2000.0,233.02898550724638,100.0,352.3805584464252,0,0
olist_closed_deals_dataset,declared_monthly_revenue,842,0.0,50000000.0,73377.67933491686,0.0,1744799.1768914338,797,0
